{"cameraMode":{"drawMode":0,"name":"Shaded","section":"Shading Mode"},"sceneLighting":true,"audioPlay":false,"sceneViewState":{"m_AlwaysRefresh":false,"showFog":true,"showSkybox":true,"showFlares":true,"showImageEffects":true,"showParticleSystems":true,"showVisualEffectGraphs":true,"m_FxEnabled":true},"in2DMode":false,"pivot":{"x":0.001291036605834961,"y":1.330786108970642,"z":-0.017604827880859376},"rotation":{"x":-0.016812166199088098,"y":0.0009043446043506265,"z":-0.00004635942241293378,"w":-1.0000674724578858},"size":3.763155460357666,"orthographic":false}