{"cameraMode":{"drawMode":0,"name":"Shaded","section":"Shading Mode"},"sceneLighting":true,"audioPlay":false,"sceneViewState":{"m_AlwaysRefresh":false,"showFog":true,"showSkybox":true,"showFlares":true,"showImageEffects":true,"showParticleSystems":true,"showVisualEffectGraphs":true,"m_FxEnabled":true},"in2DMode":false,"pivot":{"x":-0.00017875432968139648,"y":0.33684206008911135,"z":0.005652397871017456},"rotation":{"x":0.07672163099050522,"y":0.024421153590083123,"z":-0.0019224953139200807,"w":0.99690181016922},"size":4.736961364746094,"orthographic":false}