{"cameraMode":{"drawMode":0,"name":"Shaded","section":"Shading Mode"},"sceneLighting":true,"audioPlay":false,"sceneViewState":{"m_AlwaysRefresh":false,"showFog":true,"showSkybox":true,"showFlares":true,"showImageEffects":true,"showParticleSystems":true,"showVisualEffectGraphs":true,"m_FxEnabled":true},"in2DMode":false,"pivot":{"x":-44.25471115112305,"y":-105.25144958496094,"z":235.8612518310547},"rotation":{"x":0.35866257548332217,"y":-0.011698021553456784,"z":0.004425378050655127,"w":0.9335342645645142},"size":340.95416259765627,"orthographic":false}