{"cameraMode":{"drawMode":0,"name":"Shaded","section":"Shading Mode"},"sceneLighting":true,"audioPlay":false,"sceneViewState":{"m_AlwaysRefresh":false,"showFog":true,"showSkybox":true,"showFlares":true,"showImageEffects":true,"showParticleSystems":true,"showVisualEffectGraphs":true,"m_FxEnabled":true},"in2DMode":false,"pivot":{"x":-42.37358474731445,"y":153.19422912597657,"z":-313.341552734375},"rotation":{"x":0.0011672076070681215,"y":-0.9985443949699402,"z":0.05177866294980049,"w":0.021262498572468759},"size":299.9689636230469,"orthographic":false}