{"cameraMode":{"drawMode":0,"name":"Shaded","section":"Shading Mode"},"sceneLighting":true,"audioPlay":false,"sceneViewState":{"m_AlwaysRefresh":false,"showFog":true,"showSkybox":true,"showFlares":true,"showImageEffects":true,"showParticleSystems":true,"showVisualEffectGraphs":true,"m_FxEnabled":true},"in2DMode":false,"pivot":{"x":-4.443467140197754,"y":-175.71234130859376,"z":-172.0762481689453},"rotation":{"x":-0.004702129866927862,"y":-0.9377296566963196,"z":0.34741857647895815,"w":-0.012875976040959359},"size":319.8865661621094,"orthographic":false}