{"cameraMode":{"drawMode":0,"name":"Shaded","section":"Shading Mode"},"sceneLighting":false,"audioPlay":false,"sceneViewState":{"m_AlwaysRefresh":false,"showFog":true,"showSkybox":false,"showFlares":true,"showImageEffects":true,"showParticleSystems":true,"showVisualEffectGraphs":true,"m_FxEnabled":true},"in2DMode":false,"pivot":{"x":1.993123173713684,"y":0.9744623899459839,"z":5.1502180099487309},"rotation":{"x":-0.050175271928310397,"y":0.8752560019493103,"z":-0.09294101595878601,"w":-0.4721446931362152},"size":2.1351451873779299,"orthographic":false}