{"cameraMode":{"drawMode":0,"name":"Shaded","section":"Shading Mode"},"sceneLighting":false,"audioPlay":false,"sceneViewState":{"m_AlwaysRefresh":false,"showFog":true,"showSkybox":false,"showFlares":true,"showImageEffects":true,"showParticleSystems":true,"showVisualEffectGraphs":true,"m_FxEnabled":true},"in2DMode":false,"pivot":{"x":12.158884048461914,"y":0.745570182800293,"z":10.365859031677246},"rotation":{"x":-0.023289112374186517,"y":0.9353843927383423,"z":-0.06257133185863495,"w":-0.34749436378479006},"size":5.562598705291748,"orthographic":false}