{"cameraMode":{"drawMode":0,"name":"Shaded","section":"Shading Mode"},"sceneLighting":false,"audioPlay":false,"sceneViewState":{"m_AlwaysRefresh":false,"showFog":true,"showSkybox":false,"showFlares":true,"showImageEffects":true,"showParticleSystems":true,"showVisualEffectGraphs":true,"m_FxEnabled":true},"in2DMode":false,"pivot":{"x":0.0009601414203643799,"y":0.1147686094045639,"z":0.006625950336456299},"rotation":{"x":-0.2743827700614929,"y":-0.15674763917922975,"z":0.045360177755355838,"w":-0.947723388671875},"size":0.8660253882408142,"orthographic":false}