{"cameraMode":{"drawMode":0,"name":"Shaded","section":"Shading Mode"},"sceneLighting":false,"audioPlay":false,"sceneViewState":{"m_AlwaysRefresh":false,"showFog":true,"showSkybox":false,"showFlares":true,"showImageEffects":true,"showParticleSystems":true,"showVisualEffectGraphs":true,"m_FxEnabled":true},"in2DMode":false,"pivot":{"x":-4.879079341888428,"y":1.4179999828338624,"z":8.056283950805664},"rotation":{"x":0.0005209169466979802,"y":0.9953317642211914,"z":-0.005786685273051262,"w":0.09715239703655243},"size":2.1967849731445314,"orthographic":false}