{"cameraMode":{"drawMode":0,"name":"Shaded","section":"Shading Mode"},"sceneLighting":false,"audioPlay":false,"sceneViewState":{"m_AlwaysRefresh":false,"showFog":true,"showSkybox":false,"showFlares":true,"showImageEffects":true,"showParticleSystems":true,"showVisualEffectGraphs":true,"m_FxEnabled":true},"in2DMode":false,"pivot":{"x":4.963284969329834,"y":0.19936829805374146,"z":-0.08739042282104492},"rotation":{"x":-0.004301600158214569,"y":-0.6971262097358704,"z":-0.004182799253612757,"w":0.716924250125885},"size":1.93166184425354,"orthographic":false}