{"cameraMode":{"drawMode":0,"name":"Shaded","section":"Shading Mode"},"sceneLighting":false,"audioPlay":false,"sceneViewState":{"m_AlwaysRefresh":false,"showFog":true,"showSkybox":false,"showFlares":true,"showImageEffects":true,"showParticleSystems":true,"showVisualEffectGraphs":true,"m_FxEnabled":true},"in2DMode":false,"pivot":{"x":-16.423667907714845,"y":-8.526734352111817,"z":-19.136764526367189},"rotation":{"x":0.05278616026043892,"y":-0.0015022181905806065,"z":0.00007431603444274515,"w":0.9986290335655212},"size":0.7234438061714172,"orthographic":false}