{"cameraMode":{"drawMode":0,"name":"Shaded","section":"Shading Mode"},"sceneLighting":false,"audioPlay":false,"sceneViewState":{"m_AlwaysRefresh":false,"showFog":true,"showSkybox":false,"showFlares":true,"showImageEffects":true,"showParticleSystems":true,"showVisualEffectGraphs":true,"m_FxEnabled":true},"in2DMode":false,"pivot":{"x":11.825164794921875,"y":2.3119280338287355,"z":4.689671993255615},"rotation":{"x":-0.057048700749874118,"y":0.6980482339859009,"z":-0.05596331134438515,"w":-0.7115840315818787},"size":3.920379877090454,"orthographic":true}