{"cameraMode":{"drawMode":0,"name":"Shaded","section":"Shading Mode"},"sceneLighting":false,"audioPlay":false,"sceneViewState":{"m_AlwaysRefresh":false,"showFog":true,"showSkybox":false,"showFlares":true,"showImageEffects":true,"showParticleSystems":true,"showVisualEffectGraphs":true,"m_FxEnabled":true},"in2DMode":false,"pivot":{"x":-14.45655345916748,"y":-8.507734298706055,"z":-19.16732406616211},"rotation":{"x":0.05278616026043892,"y":-0.0015022181905806065,"z":0.00007431603444274515,"w":0.9986290335655212},"size":0.9764604568481445,"orthographic":false}