{"cameraMode":{"drawMode":0,"name":"Shaded","section":"Shading Mode"},"sceneLighting":false,"audioPlay":false,"sceneViewState":{"m_AlwaysRefresh":false,"showFog":true,"showSkybox":false,"showFlares":true,"showImageEffects":true,"showParticleSystems":true,"showVisualEffectGraphs":true,"m_FxEnabled":true},"in2DMode":false,"pivot":{"x":2.4059998989105226,"y":4.203000545501709,"z":-2.36899995803833},"rotation":{"x":0.0005209169466979802,"y":0.9953317642211914,"z":-0.005786685273051262,"w":0.09715239703655243},"size":0.8049594163894653,"orthographic":false}