{"cameraMode":{"drawMode":0,"name":"Shaded","section":"Shading Mode"},"sceneLighting":false,"audioPlay":false,"sceneViewState":{"m_AlwaysRefresh":false,"showFog":true,"showSkybox":false,"showFlares":true,"showImageEffects":true,"showParticleSystems":true,"showVisualEffectGraphs":true,"m_FxEnabled":true},"in2DMode":false,"pivot":{"x":10.373519897460938,"y":-7.784408092498779,"z":2.4839720726013185},"rotation":{"x":0.2734501361846924,"y":-0.012503881007432938,"z":0.0035553735215216877,"w":0.9618052840232849},"size":12.823831558227539,"orthographic":true}